test_instance,oligonucleotides used (best),accuracy (best),sequence length (best),average overlap(best), accuracy(average - 10 runs),sequence (best)
neg_random
10.500-100.txt,363,0.9075,509,8.621546961325967,0.8855000000000001,2.3181077241897583,AAACCATCTTACCAGGCTGAAGGGGACCTCACCCCAGACGAGGTGGTGGCCCTAGTGGGCCAGGGCCTGCAGAGACCCACCGAGCCGGCAGAGACTTCCTGGCCAACTCCAAAGTGGAGCCAATCCCCTGGCCAAGTTTGACTACTACATGCCTGCTATCGCGGGCTGCCGGGAGGCTATCAAAAGGATCGCCCTCCCAGCTAACACAGCAGAGGGGCTGCTGAACGTCATTGGCATGGACAAGCCGCTCACCCTTCCAGACTTCCTGCTGGCCAACCATCTTATACTATGGCAGGAGGAGAGGGATCGCCCGCCTTCGACAAGCCCAAAGTAGAACTGCATGTCCACCTAGACGGATCCATCAAGCCTGAAACCATCTTTGTAGAGATGAAGGCCAAAGAGGGCGTGGTGGAGGTGCGTGGTGTATGTGGAGGTGCGGTACAGTCCGCACCTGCTGGCCCCAGGGAAAGCCGAGCGGCCACCGAGCGGCGGCGGAGGGAGCAGCGCCG
10.500-200.txt,279,0.93,504,8.223021582733812,0.9113333333333333,1.896809959411621,ACAGCAGAGGAGGGATCGCCCTCCCAGCTAACACAGCAGAGGGGCTGCTGAACGTCATTGGCATGGACAAGCCGAGCGGCCACCGAGCCGGCAGAGACCCACCGAGCGGCGGCGGAGGGAGCAGCGCCGGGGCGCACGAGGGCACCATGGCCCCAGGGAAAGCCGAGGGCGTGGTGTATGTGGAGGTGCGGTACAGTCCGCACCTGCTGGCCAACTCCAAAGTGGAGCCAATCCCCTGGAACCAGGCTGAAGGGGACCTCACCCCAGACGAGGTGGCCAAGTTTGACTACTACATGCCTGCTATCGCGGGCTGCCGGGAGGCTATCAAAAGGATCGCCTATGAGTTTGTAGAGATGAAGGCCAAAGAGGGCGTGAAACCATCTTATACTATGGCAGGAGGACAAGCCCAAAGTAGAACTGCATGTCCACCTAGACGGATCCATCAAGCCTGAAACCAGACTTCCTGGCCACCCTTCCAGACTTCGACAAGCCGCTCACCCTTCC
18.200-40.txt,137,0.85625,208,8.544117647058824,0.766875,0.9703590631484985,AACGCATCCCTTATTCTACCCCCATTGCTGTTGGTACCGTGATAAGGTACAGTTGTTTTCTTGGCTCTCGTCGCACCGGGGGTCCTCGGGATTTCTTGTGGCTCTCCTCCGCCTATCCTAAATGGCCGGATTAGTTCGGCCGTGGCATGGGCGCCGCGGGCCTGCTCGGGGTTTTCTTGCTTCGGCCGTCTCGGAACGCATCCCGCCG
18.200-80.txt,106,0.8833333333333333,209,8.104761904761904,0.8508333333333333,0.7771600008010864,ACCGTGATAAGCATCCCGCCGCGGGCCTGCTCGGGATTTCTTGTGGCTCTCCTCCGCCTATCCTAAATGGCCGTGGCATGGGCGCCGCGGGGGCTTCGGCCGTGGCTCTCGTCGCACCGGGGGTCCTCGGGATTAGTTATTATTCTACCCCCATTGCTGTTGGTACCGTGATAAGGTACAGTTGTTTTCTTGGCTCTCGCGGGTCTCGG
20.300-120.txt,161,0.8944444444444445,307,8.14375,0.8566666666666667,1.0089635372161865,AAGCGCGCCAGCAGATCCGCGCCGCCGGCCTGCCGGTCAAGGGCATCCTCAAGGAGAAGGCGCTGCGCATAGCCTCCACCTGCCGCAAGTACGGGGTGGCCTCCACCTGCGCAAGGGCGAGATCGCGCGGCGCTTCAACATCCCGCCGTCCACGCTGAGCACGATCCTGAAGAACAAGCGCGCCATCCTGGCGTCGGAGCGCAAGTACGACAAGCTCGAGGGCTTGCTCATCGCCTACGACAAGCTGTCTCCCTACGTTCCGGGAGAAGTCACGGATCATCCAGGAGGTGGAGGAGAATCCGGACCT
20.300-60.txt,221,0.9208333333333333,303,8.668181818181818,0.8920833333333332,1.4354650259017945,AACAAGCTGTAAGAACAAGCGCGCCATCCTGGCGTCGGAGCGCAAGTACGGGGTGGCCTCCACCTGCCGCAAGACCAACAAGCTGTCTCCCTACGACAAGCTCGAGGGCTTGCTCATCGCCTGGTTCCAGCAGATCCGCGCCGCCGGCCTGCCGGTCAAGGGCATCATCCTCAAGGAGAAGGCGCTGCGCATAGCCGTCCACGCTGAGCACGATCCTTCAACATCCCGCCGTCCACGGATCATCCAGGAGGTGGAGGAGAATCCGGACCTGCGCAAGGGCGAGATCGCGCGGCGCTTCAACAT
25.500-100.txt,372,0.93,509,8.65498652291105,0.907,1.9186945915222169,AAAACAGCTGGTGCTCCATCATCGGGAGAATCCAAGCAGGACCGCCATGGAGGAAGGTCAATATTCAGAGATCGAGGAGCTTCCCAGGAGGCGGTGTTGCAGGCGTGGGACTCAGATCGTGCTGCTGGGGCTGGTGACCAGATGGCGCAGAAATCCCAGTCCACGCAGATTTCACAGGAACTGGAGGAACTTCGAGCTGAACACACTAGGAGGACAGACACAGGCTCCAAACTCCACTAACCAGAGCTGTGATTGTGCCCGCTGAGTGGACTGCGTTGTCAGGGAGTGTCTCTCTTCCTGCTTAAACCTCTGTCTCTGACGGTCCCTGCCAATCGCTCTGGTCGACCCCAACACACTAAAACAGCTGGAAGAGAGGGCTGCCCGGAACGTCTCTCAAGTTTCCAAGAACTTGGAAAGCCACCACGGTGACCACACAGAGTCTAAAACACCACACAGAAGAAAGTGTCTCTGTGGGCTGGGCTGCTGACTCTGCTTCTCCTGTGGCACTG
25.500-200.txt,274,0.9133333333333333,504,8.19047619047619,0.8856666666666667,1.841948890686035,AAACAGCTGGATGGAGGAAGGTCAATATTCAGAGATCGAGGAGCTTCCCAGGAGGCGGTGTTGCAGGCGTGGGACTCAGATGGCGCAGAAATCCCAGTCCACGCAGATTTCACAGGAACTGGAGGAACTTCGAGCTGAACACACTAGGAGGACAGACACAGAGTCTAAAACAGCTGGAAGAGAGGGCTGCCCGGAACGTCTCTCAAGTTTCCAAGAACTTGGAAAGCCACCACGGTGACCAGATGGCGTTGTCAGGGAGTGAGTGCTCCATCATCGGGAGAATCCAAGCAGGACCGCCGCTCTGTGGGCTGCTGACTCTGCTTCTCCTGTGGCACTGGGACACCACACAGAGTGGACTGCGTTGTCAAACTCCACTAACCAGAGCTGTGATTGTGCCCGCTGAGTGGACGGTCCCTGCCAATCGCTCTGGTCGACCCCAACACACCTCTGTCTCTGACGGTCCCTGCTTAAACCTCTGTCTCTCTTCCTGCTGGGGCTGGTGAC
35.200-40.txt,149,0.93125,209,8.655405405405405,0.8668750000000001,0.9273099899291992,AAAAGTGATGAAGTGATGGCATCTATATCATACGGCGTTGTTCTGGATTCCCGTCGTAACTTAAAGGGAAACTTTCACAATGTCCGGAGCCCTTGATGTCCTGCAAATGAAGGAGGAGGATGTCCTTAAGTTCCTTGCAGCAGGAACCCACTTAGGTGGCACCAATCTTGACTTCCAGATGGAACAGTACATCTATAAAAGGAAAAGTG
35.200-80.txt,105,0.875,208,8.096153846153847,0.82,0.6370136499404907,AAACTTTCACCTTGCAGCAGGAACCCACTTAGGTGGCACCAATCTTGACTTCCAGATGGAACAGTACATCTATATCGTAACTTAAAGGGAAACTTTCACAATGTCCGGAGCCCTTGATGTCCTGCAAATGAAGGAGGATGTCCTTAAGTTCTGGATTCCCGTCGTAACTTGTTCTGGATGGCATCTATAAAAGGAAAAGTGATGGCAT
53.500-100.txt,371,0.9275,509,8.651351351351352,0.85725,2.2917837858200074,AAAAATGGCATTGCGCCTAATGTGTTTGAGCATCACTTAGGAGAAGTCTTGCAGACCCTGCAGGGAATTCACCTCAAGAACATCCAAAGTGTGAAGGTGAAGTCCCCCGGACCCCACTGCGCCCAAACCGAAGTCATAGCCACACTCAAGAATGGGCAGAAAGCTTGTCTCAACCCCGCATCGCCCATGGTTAAGAAAATCATCGAAAAGATGCTGAAAAATGGCAAATCCAACTGACCAGAAGGAAGGAGGCCCTGCCCTTACAGGAACAGAAGAGGAAAGAGAGACACAGCTGCAGAGGCCACCTGGCCACTGAACTGCGCTGCCAGTGCTTGCAGACAGCCGCTCGAACCGCCTGCTGAGCCCCATGGCCCGCGCCACGCTCTCCGCCGCCCCCAGCAATCCCCGGCTCCTGCGGGTGGCGCTGCTGCTCCTGCTCCTGGTGGCCGCCAGCCGCAGCAGGAGCCGGCGCGCAGCAGGAGCGCCCCTGGCCATTGGTGGCTGTTCCT
53.500-200.txt,267,0.89,509,8.12406015037594,0.8706666666666667,1.803710436820984,AAAAATGGCAAGACCCTGCAGGGAATTCACCTCAAGAACAGAAGAGGAAAGAGAGACACAGCTGCAGAGGCCACCTGGATTGCGCCTAATGTGTTTGAGCATCACTTAGGAGAAGTCATAGCCACACTCAAGAATGGGCAGAAAGCTTGTCTCAACCCCGCGCCACGCTCTCCGCCGCCCCCAGCAATCCCCGGCTCCTGCGGGTGGCGCTGCTGCTCCTGGTGGCCGCCAGCCGCTCGAACCGCCTGCTGAGCCCCATGGCCCGCGCCAGTGCTTGGTGGCTGTTCCTGAAGGAGGAAGCTTATTGGTGGCTGCCAGTGCTCCTGCTCCTGCGCTGCCAGTCCCCCGGACCCCACTGCGCCCAAACCGAAGTCATAAGAAAATCATCGAAAAGATGCTGAAAAATGGCAAATCCAACTGACCAGAAGGAAGGAGGCCCTGCCCTTACAGGAACAGAAGGTGAAGTCCCCCGCATCGCCCATGGTTAAGAAAATCCAAAGTGTGAAGGT
55.300-120.txt,154,0.8555555555555555,305,8.071895424836601,0.8277777777777777,1.0893046855926514,AAATTGAGTTAGAGCTGAATGCCAAGAAAATTGAGTTTGAACAATTTCTCCTCTTTGACAGAACAGGTGATTCCAAGATCACCTTAAGCCAGGTCGGTGAATTCAAGGAGGCATTTCTGGGAAACCAGGCCACCTATGATGCAAGCCATTTCCAACAACAAGGACCAGGCCCTGGGCACAAATCCCACCAATGCAGAGGTCAGGAAAGTTCTGGGATGTCCTTCGAGCCCTGGGCTGAATTCAATCATGTCCTTCAGTGCTGACCAGATTGCTGAATTCTGCCTATGATGTCCTTAGCCTTCCCT
55.300-60.txt,219,0.9125,309,8.628440366972477,0.8595833333333335,1.45867862701416,AAAATTGAGTTGCCTATGATGCAAGCCATTTCCAACAACAAGGACCAGGCCACCTATGCAGAGGTCAGGAAAGTTCTGGGAAACCCCAGCAATGAAGAGCTGAATGCCAAGAAAATTGAGTTTGAACAATTTCTCCTCTTTGACAGAACAGGTGATTCCAAGATCACCTTAAGCCAGGTCGGTGATGTCCTTCGAGCCCTGGGCACAAATCCCACCAATGCAGAGGCATTTCTCCTTCAGTGCTGACCAGATTGCTGAATTCAAGGAGGCATTTAGCCTTCCCTGCTGTGTTGCTGCCCAGCCGCTCCA
55.400-160.txt,208,0.8666666666666667,409,8.072463768115941,0.8454166666666667,1.3183621168136597,AAGGACCAGGACAATTTCTGCCTATGATGCAAGCCATTTCCAACAACAAGGACCAGGCCACCTATGAAGAGCTGAATGCCAAGAAAATTGTTGAGGGTGCTGAACAGGTGATTCCAAGATCACCTTAAGCCAGGTCGGTGATGTCCTTCGAGCCCTGGGCACAAATCCCACCAATGCAGAGGTGAAAAGACTTTGTTGAGGAAAGTTCTGGGAAACCCCAGCAATGGCACAGTCATGGGTGCTGACCAGATTGCTGAATTCAATGAAGAGCCTAACTACTCTTAGCCACCCTGGGTGAAAAGGAAGGCAATGGCAATGAAGACTTTGACAAGGAAGGCATTTCTCCTCTTTGACAGCCGCTCCATCATGTCCTTCAGTGCTGACCAGCCGCTCCGCCATGTTCTAGCCA
55.400-80.txt,295,0.921875,408,8.646258503401361,0.8240624999999999,1.873425555229187,AAACCCCAGCCCTATGAAGACTTTGTTGAGGGTGAAAAGAAAATTGAGTTTGAACAATTTCTGCCTATGATGCAAGCCATTTCCAACAACAAGGACCAGGCCAGGTCGGTGATGTCCTTCAGTGCTGACCAGATTGCTGAATTCAAGGAGGCATTTCTCCTCTTTGACAGAACAGGTGATTCCAAGATCACCTTAAGCCAGGTCAGGAAAGTTCTGGGAAACCCCAGCAATGAAGAGCTGAATGCCAAGAAAATTAGCCTTCCCTGCTGTGTTGCTGCCCAGCCGCTCCATCATGTCCTTCGAGCCCTGGGCACAAATCCCACCAATGCAGAGGTCAGGAAGGCAATGGCACAGTCATGGGTGCTGAACTCCGCCATGTTCTAGCCACCCTGGGTGAAAAGGAAGGCA
58.300-120.txt,160,0.8888888888888888,304,8.150943396226415,0.8511111111111112,1.112537956237793,AAGGAGATCGTCCCCAATGCCCCATTCCACACGGCCCGGGAAATGGCCAATGCCAAGGAGATCGCTCGGACTGTGCAGATCCTGGGTGCAGACTTCACTGGTGTGCAAGACATCAATGACAAGAGGTTCCAGGAGACCTTTGAGGGGACAATTTTTACTTCACTGGATGGACATGTGGACGGCGCTTTGTAGCCGTGGGTGACTGGGCCTGTGTCTCCCCCTGGATGGACCCCTGCCCTGCGCTTTGTTGCTACCCTCCCTGGCTGATGGTGCCACCCCTGCCTTGTTGCTATCCTGTCTCTAG
58.300-60.txt,217,0.9041666666666667,309,8.61574074074074,0.8487499999999999,1.3925424337387085,AAGACATCAATCAATGACAAGAGGTTCCAGGAGACCTTTGAGGGGTCCCCAATGCCGGCCAATGCCCCATTCCACACGGCCCGGGAAATGGCCAATGCCAAGGAGATCGCTCGGACTGTGCAGATCCTGGGTGCAGACTTCATCCTGTCTCTAGGGGACAATTTTTACTTCACTGGTGTGCAAGACATGTGGACGGCGCTGCTCATCCTGCAAGCCTTGTTGCTACCCTCCCTGGCTGATGGTGCCACCCCTGCCCTGCGCTTTGTAGCCGTGGGTGACTGGGGAGGGGTCCGGTGACTGGCCTGTGTC
62.400-160.txt,219,0.9125,404,8.192660550458715,0.8891666666666665,1.4660313844680786,AAAGCCTGCATACCGTCCCCCGAGGGTGAATTTGGGGACGAGTTTGTGCCGCGAGTGGCTGCCTTCGGAGCGCACAAAGCAGAGCTGCAGGGCTCAGATGAGGACGAGCACGTGCGAGCGCCTACCGGCCACCACCATGGATCGGCGGAAGGCAGCCACTATGCGCGAGCGGAGGCGCCTGAAGAAGGTCAACCAGGCTTTCGAAACCCTCAAGAGGTGTACCACCAGGCTGGTCACTGCCTCTCAGCAGGATGGACGTGATGGATGGCTGCCAGTTCTCACCTTCTGAGTACTTCTACGACGGCTCCTGCAAGAGGAAGTCCACCACCAGGTGCACCGCCTGCCTCTCGCTGCCGTCCAGGTGCAGCCTGCAAGGTGGAGGCTGCCCAAGGTGGGCCTGCAAA
62.400-80.txt,301,0.940625,409,8.67,0.8978125,1.844759178161621,AAAGCCTGCAGTGAATTTGGGGACGAGTTTGTGCCGCGAGTGGCTGCCTTCGGAGCGCACAAAGCAGAGCTGCAGGGCTCAGATGAGGACGAGCACGTGCGAGCGCCTACCGGCCACCACCATGGATCGGCGGAAGGCAGCCACTATGCGCGAGCGGAGGCGCCTGAAGAAGGTCAACCAGGCTTTCGAAACCCTCAAGAGGTGTACCACGACCAACCCCAACCAGAGGCTGCCCAAGGTGGAGTACTTCTACGACGGCTCCTGCATACCGTCCCCCGAGGAAGTCCACCACCAGGCTGGTCACTGCCTCTCAGCAGGATGGACGTGATGGATGGCTGCCAGTTCTCACCTTCTGAGTACTTCTCGCTGCCGTCCAGGTGCACCGCCTGCCTCTCGCTGCAAAGCCTGC
68.400-160.txt,213,0.8875,404,8.141509433962264,0.8666666666666666,1.4230648756027222,AACGAGCCCAAAGGGCCAGGTGATGGCCTCCCTGTACCACATCTATGTGGCCCTGGAGGAGGAGAGCCCAGTCTTCGCCCCTGTCTACTTCCCAGAAGAGCTGCACCGCAAGGCTGCCCTGGAGCAGGACCTGGCCTTCTGGTACGGGCCCCAGGATTTGTCAGAGGCCACCAAGGAGGTGCACACCCAGGCAGAGAATGCTGAGTTCATGAGGAACTTTCAGAAGGAGGCCAGCACGAACGAGCCCAGCACCGGCCGGATGGAGCGTCCGCAACCCGACAGCATGCCCCAGGAGGTCATCCCCTACACACCAGCGCAGCCGCCGCCCGCGGAGCCAGCACGCCTGCCTCCCCTCGAGCGTCCTGGCAGGAGGTCAAGCTGGTGATGGCTTCAAGCTGGCAGGA
68.400-80.txt,303,0.946875,409,8.678807947019868,0.8893749999999999,1.9066959381103517,AACAAGGAGAAAGGAGAGCCCAGTCTTCGCCCCTGTCTACTTCCCAGAAGAGCTGCACCGCAAGGCTGCCCTGGAGGAGGAGATTGAGCGCAACCCGACAGCATGCCCCAGGATTTGTCAGAGGCCCTGAAGGAGGCCACCAAGGAGGTGCACACCCAGGCAGAGAATGCTGAGTTCATGAGGAACTTTCAGAAGGGCCAGGTGACCCGAGACGGCTTCAAGCTGGTGATGGCCTCCCTGTACCACATCTATGTGGCCCTGGAGCAGGACCTGGCCTTCTGGTACGGGCCCCGCTGGCAGGAGGTCATCCCCTACACACCAGCACCGGCCGGATGGAGCGTCCGCAACCCGCCCGCGGAGCCAGCACGAACGAGCCCAGCACCGCCGCCCGCCTGCCTCCCCTCGAGCG
9.200-40.txt,139,0.86875,209,8.557971014492754,0.809375,0.9371496915817261,AAGGCCGGCTCTCCATCGTGGGGCGCCCCAGGCACCAGGGCGTGATGGTGGGCATGGGTCAGAAGGATTCCTATGTGGGCGACGATGCCCCCCGGGCCGTCTTCGCGGGCGACGACAACGGCTCCGGCATGTGCAAGGCCGGCTTCGCGGATGATGATATCGCCGCGCTCGTCGTCGACAACGGATCCGCCGCCCGTCCACACCCGCCG
9.200-80.txt,108,0.9,208,8.149532710280374,0.8683333333333334,0.7680223226547241,AGAAGGATTCAGGGCGTGATGGTGGGCATGGGTCAGAAGGATTCCTATGTGGGCGCCCCAGGCCGGCTTCGCGGGCGACGATGCCCCCCGGGCCGTCTTCCCCTCCATCGTGGGGCGCCCCGTCCACACCCGCCGCCAGCTCACCATGGATGATGATATCGCCGCGCTCGTCGTCGACAACGGCTGCAAGGCCGGCTCCGGCATGTGC
neg_repeats
113.500-8.txt,484,0.983739837398374,509,8.96687370600414,0.960569105691057,2.762700343132019,AAAGGAGTACCTCTCGCCGCCGAGGGTCAGGAGCCCGGGAGCGCGACCCTCCCCCGGCCCGGCCTGGCCAGTCCCCGCGGTCTCTGCCCGGGCTGACGCCCAGGAATGTGGTCGACGAGAAGCCCCAACAGCACGGCGTGGCCTCTCAGCCTCGAGCCTGATCCAGGGATGTCTGGATGGCCGGATGGCAGAATGGAGACCTCCACCCCCACCATAATGGACATTGTCGTCATTGCAGGTGTGATTGCTGCTGTGGCCATCGTCCTAGTCTCCCTCCTCTTCGTCATGCTGCGCTACATGTACCGGCACAAGGGCACGTACCACACCAATGAGGCCAAGGGCACGGAGTTTGCTGAGAGTGCAGATGCAGCCCTGCAGGGAGACCCTGCCCTCCAAGATGCTGGTGATAGCAGCAGAAAGGAGTACTTTATTTGAGGTGCCGCTTGCAGAGCCTGATCCGGGGATGGCCTCTGCCTCCACCACAATGCATACTACCACCATTGCAGAGC
144.500-12.txt,469,0.9610655737704918,507,8.938034188034187,0.9561475409836065,2.4851654291152956,AAAGTGGGGGCCCCAGCAACAAGTGCTCCAGAGGCAGAGGGACCCCAAAGTGGGGGGCTCCCGCCCCCGCCCAGGGCAGTTCCCTCGAGCAGTAGCCCCCAGGCCCAAGCACTCACCGAGGACGGGAGGCCCTGCAGGTTCCCCTTCCGCTACGGGGGCCGCATGCTGCATGCCTGCACTTCGGAGGGCAGTGCACACAGGAAGTGGTGTGCCACAACTCACAACTACGACCGGGACAGGGCCTGGGGCTACTGTGTGGAGGCCACCCCGCCTCCAGGGGGCCCAGCTGCCCTGGATCCCTGTGCCTCCGGCCCCTGGCCCCCACCGGGGCTGGGCCCCTTCCTCCTCCTCCTGCTGCTGCCACGGGGGTTCCAGCCCCAGCCTGGCGGGAACCGTACGGAGTCCCCAGAACCTAATGCCACAGCGACCCCTGCGATCCCCACTATCCTGGTGACCTCTGAGCCCCTGGCCTGGGTCCCCAGCCCCTGGGCCTGGGTGCTGCTGCTG
28.500-18.txt,452,0.9377593360995851,509,8.893569844789358,0.9134854771784233,2.614966344833374,AAAATTACCACTGGTAGTGTTTTCGGTGGAGGCTTTGGAGGGGGCGTTGGTGGGGGTTTTGGTGGTGGCGATGGTGGTCTCCTCTCTGGCAATGAGAAAATTACCATGCAGAACCTCAATGACCGCCTGGCCTCCTACCTGGACAAGGTACGTGCCCTGGAGGAGGCCAATGCTGACCTGGAGGTGAAGATCCATGACTGGTACCAGAAGCAGACCCCAGCCAGCCCAGCTACCTGGCCATGACCACCACATTTCTGCAAACTTCTTCCTCCACCTTTGGGGGTGGCTCAACCCGAGGGGGTTCCCTCCTGGCTGGGGGAGGTGGAAGCCGAAGTATCTCAGCTTCTTCTGCTAGGTTTGTCTCTTCAGGGTCAGGAGGAGGATATGGGGGTGGCATGAGGGTCTGTGGCTTTGGTGGAGGGGGGAGTCTCTCTGGGGGAGTGGTGGGGGGAGGTGGCTTTGGTGGTGGCTTTGGTGGGGGGAGTTTGCTGAGAACTCACGGGCTCCAG
34.500-32.txt,461,0.9850427350427351,504,8.92608695652174,0.9762820512820513,70.89538812637329,AAACCTGTCTGGAGCGGTGGCGGCGGCTCCAGCTTCGGCTCCGGCTCCAGCTCGGGTGGCGGTGGCGGCGGCGGCAGAGGAGTGGGAGCAGCGGCCCTAGCGGCTTGCGGGGGGACATGCGGACCGACGGCCCCTGGATAGGCGGAAGGAGTGGAGGCCCTGGTGCCCGGCCCTTGGTGCTGAGTATCCAGCAAGAGTGACCGGGGTGAAGAAGCAAAGACTCGGTTGATTGTCCTGGGCTGTCAGGAGGGGTAGCCTCCTTCGTGTGCCAAGCTAGAGCCCTGGATGGCCCCTGAGCCAGCCCCAGGGAGGACGATGGTGCCCCTTGTGCCTGCACTGGTGATGCTTGGTTTGGTGGCAGGCGCCCATGGTGACAGCAAACCTGTCTTCATTAAAGTCCCTGAGGACCAGACTGGGCTGTGGCTGGCTGTGGAGCTAGAGCGGCGGGAGCGGGACCAGGTGGAGGCGGCGGCTCGGGCTCGGGCTCCGGCTCGGGAGCGGCGG
59.500-2.txt,476,0.9558232931726908,508,8.951578947368422,0.9415662650602409,3.1512267112731935,AAAAGAACAACTCGGATTCTCGTAGCTGTGCCGGGACTTAACCACCACCATGTCGAGCAAAAGAACAAAGACCAAGACCAAGAAGCGCCCTCAGCGTGCAACATCCAATGTGTTTGCTATGTTTGACCAGTCACAGATTCAGGAGTTCAAAGAGGCCTTCAACATGATTGATCAGAACAGAGATGGTTTCATCGACAAGGAAGATTTGCATGATATGCTTGCTTCATTGGGGAAGAATCCAACTGATGAGTATCTAGATGCCATGATGAATGAGGCTCCAGGCCCCATCAATTTCACCATGTTTGGTGAGAAGTTAAATGGCACAGATCCTGAAGATGTCATCAGAAATGCCTTTGCTTGCTTTGATGAAGAAGCAACTGGCACCATACAGGAAGATTACTTGAGAGAGCTGCTGACAACCATGGGGGATCGGAAGGGTGGTGTGATAGCGGCCGAGGGCTCGGAAGGGTAGCAGGGTGGTGGTTTTTAGCGGCTCTCTGGGTAGCAG
pos_random
10.500+200.txt,488,0.976,509,8.97535934291581,0.9759999999999998,3.7070467472076416,AAAAAGTATATCAAGCCTGAAACCATCTTATACTATGGCAGGAGGAGAGGGATCGCCCTCCCAGCTAACACAGCAGAGGGGCTGCTGAACGTCATTGGCATGGACAAGCCGCTCACCCTTCCAGACTTCCTGGCCAAGTTTGACTACTACATGCCTGCTATCGCGGGCTGCCGGGAGGCTATCAAAAGGATCGCCTATGAGTTTGTAGAGATGAAGGCCAAAGAGGGCGTGGTGTATGTGGAGGTGCGGTACAGTCCGCACCTGCTGGCCAACTCCAAAGTGGAGCCAATCCCCTGGAACCAGGCTGAAGGGGACCTCACCCCAGACGAGGTGGTGGCCCTAGTGGGCCAGGGCCTGCAGAGACCCACCGAGCGGCGGCGGAGGGAGCAGCGCCGGGGCGCACGAGGGCACCATGGCCCAGACGCCCGCCTTCGACAAGCCCAAAGTAGAACTGCATGTCCACCTAGACGGATCCCCAGGGAAAGCCGAGCGGCCACCGAGCCGGCAGA
18.200+80.txt,199,0.995,208,9.0,0.9949999999999999,1.5027584075927733,AAAAAGTATAGCGGGTCTCGGAACGCATCCCGCCGCGGGGGCTTCGGCCGTGGCATGGGCGCCGCGGGCCTGCTCGGGGTTTTCTTGGCTCTCGTCGCACCGGGGGTCCTCGGGATTTCTTGTGGCTCTCCTCCGCCTATCCTAAATGGCCGGATTAGTTATTATTCTACCCCCATTGCTGTTGGTACCGTGATAAGGTACAGTTGTT
20.300+120.txt,270,0.9,304,8.907063197026023,0.8993333333333334,2.349839615821838,AAAAAAAGGCGAGGAGAATCCGGACCTGCGCAAGGGCGAGATCGCGCGGCGCTTCAACATCCCGCCGTCCACGCTGAGCACGATCCTGAAGAACAAGCGCGCCATCCTGGCGTCGGAGCGCAAGTACGGGGTGGCCTCCACCTGCCGCAAGACCAACAAGCTGTCTCCCTACGACAAGCTCGAGGGCTTGCTCATCGCCTGGTTCCAGCAGATCCGCGCCGCCGGCCTGCCGGTCAAGGGCATCATCCTCAAGGAGAAGGCGCTGCGCATAGCCCTCGGCGGCCCGATCCTGCCTAGAAAACGA
25.500+200.txt,410,0.82,508,8.78239608801956,0.817,3.6332444667816164,AAAAAAAGGCTGGACTGCGTTGTCAGGGAGTGAGTGCTCCATCATCGGGAGAATCCAAGCAGGACCGCCATGGAGGAAGGTCAATATTCAGAGATCGAGGAGCTTCCCAGGAGGCGGTGTTGCAGGCGTGGGACTCAGATCGTGCTGCTGGGGCTGGTGACCGCCGCTCTGTGGGCTGGGCTGCTGACTCTGCTTCTCCTGTGGCACTGGGACACCACACAGAGTCTAAAACAGCTGGAAGAGAGGGCTGCCCGGAACGTCTCTCAAGTTTCCAAGAACTTGGAAAGCCACCACGGTGACCAGATGAGTTCATCACGACTGAGTTGGAAGCTCCGCCAATCGCTCTGGTCGACCCCAACACACTAGGAGGACAGACACAGGCTCCAAACTCCACTAACCAGAGCTGTGATTGTGCCCGCTGACGGTCCCTGCCAATCGCGGTAGGCTGGCCTCAACTAGGGGCCGAAAACTGAGACAGCCATACTTCGAGCTGAACACGCAATCCCAC
35.200+80.txt,176,0.88,209,8.862857142857143,0.8800000000000001,1.5554586172103881,AAAAAAAGGCTGTCCTGCAAATGAAGGAGGAGGATGTCCTTAAGTTCCTTGCAGCAGGAACCCACTTAGGTGGCACCAATCTTGACTTCCAGATGGAACAGTACATCTATAAAAGGAAAAGTGATGGCATCTATATCATCACGACTGAGTTGTCTCACTGCAGAGGGGTCCATACGGCGTTGTTCTGGATTCCCGTCGTAACTTAAAGG
53.500+200.txt,476,0.952,504,8.96,0.9494,5.142771625518799,AAAAATGGCACCACGCTCTCCGCCGCCCCCAGCAATCCCCGGCTCCTGCGGGTGGCGCTGCTGCTCCTGCTCCTGGTGGCCGCCAGCCGGCGCGCAGCAGGAGCGCCCCTGGCCACTGAACTGCGCTGCCAGTGCTTGCAGACCCTGCAGGGAATTCACCTCAAGAACATCCAAAGTGTGAAGGTGAAGTCCCCCGGACCCCACTGCGCCCAAACCGAAGTCATAGCCACACTCAAGAATGGGCAGAAAGCTTGTCTCAACCCCGCATCGCCCATGGTTAAGAAAATCATCGAAAAGATGCTGAAAAATGGCAAATCCAACTGACCAGAAGGAAGGAGGAAGCTTATTGGTGGCTGTTCCTGAAGGAGGCCCTGCCCTTACAGGAACAGAAGAGGAAAGAGAGACACAGCTGCAGAGGCCACCTGGATTGCGCCTAATGTGTTTGAGCATCACTTAGGAGAAGTCTTGTGTGGGCCCATGGCCCGCCTGCTGAGCCCCATGGCC
55.300+120.txt,233,0.7766666666666666,305,8.72844827586207,0.7759999999999999,3.6185191869735718,AGCGGGCCGTCATGTCCTTCGAGCCCTGGGCACAAATCCCACCAATGCAGAGGTCAGGAAAGTTCTGGGAAACCCCAGCAATGAAGAGCTGAATGCCAAGATCACCTTAAGCCAGGTCGGTGATGTCCTTCAGTGCTGACCAGATTGCTGAATTCAAGGAGGCATTTCTCCTCTTTGACAGAACAGGTGATTCCAAGATCAGCATCAATGAGGTCGAAACTACTCTTAGCCTTCCCTGCTGTGTTGCTGCCCAGCCGCTCCACTACTTGGACTGATTAAGCGCAATCCCACGCCGCAAGAAATAG
55.400+160.txt,342,0.855,409,8.82991202346041,0.8422499999999999,9.496954488754273,AAAATCAGCTCAAGCCATTTCCAACAACAAGGACCAGGCCACCTATGAAGACTTTGTTGAGGGTCTGCGTGTCTTTGACAAGGAAGGCAATGGCACAGTCATGGGTGCTGAACTCCGCCATGTTCTAGCCACCCTGGGTGAAAAGATCACCTTAAGCCAGGTCGGTGATGTCCTTCGAGCCCTGGGCACAAATCCCACCAATGCAGAGGTCAGGAAAGTTCTGGGAAACCCCAGCAATGAAGAGCTGAATGCCAAGAAAATTGAGTTTGAACAATTTCTGCCTATGATCTTATACTCTACTTGTTATTGTAGCGCAAGGGTTAGTTAAAAAAAGGCATTTCTCCTCTTTGACAGAACAGGTGATTCCAAGATCACCACCCAGCCGCTCCATCATGTCCTTCAGTGCTGA
58.300+120.txt,237,0.79,309,8.733050847457626,0.7776666666666667,2.67853262424469,AAAAAAAGGCGGTGCCACCCCTGCCCTGCGCTTTGTAGCCGTGGGTGACTGGGGAGGGGTCCCCAATGCCCCATTCCACACGGCCCGGGAAATGGCCAATGCCAAGGAGATCGCTCGGACTGTGCAGATCCTGGGTGCAGACTTCATCCTGTCTCTAGGGGACAATTTTTACTTCACTGGTGTGCAAGACATCAATGACAAGAGGTTCCAGGAGACCTTTGAGGGACCAAAGTATAAATCCAATCTATCCCTGGCTGAGCCACAGCCGACCAGGTCGAAACATGTAGAGTAGCCTTGTTGCTACCCTCC
62.400+160.txt,351,0.8775,409,8.86,0.87425,3.6740163564682007,AAAATCAGCTTCTACGACGGCTCCTGCATACCGTCCCCCGAGGGTGAATTTGGGGACGAGTTTGTGCCGCGAGTGGCTGCCTTCGGAGCGCACAAAGCAGAGCTGCAGGGCTCAGATGAGGACGAGCACGTGCGAGCGCCTACCGGCCACCACCAGGCTGGTCACTGCCTCATGTGGGCCTGCAAAGCCTGCAAGAGGAAGTCCACCACCATGGATCGGCGGAAGGCAGCCACTATGCGCGAGCGGAGGCGCCTGAAGAAGGTCAACCAGGCTTTCGAAACCCTCAAGAGGTGTACCACGACCAACCCCAACCAGAGGCTGCCCAAGGTGGAGACAATACCATATAGACATGTGGGCGCGGTAATCATGATTAAATATGGACGTGATGGATGGCTGCCAGTTCTCACCT
68.400+160.txt,385,0.9625,409,8.9609375,0.9625,3.0554633140563965,AACGCCTGCCCGAGCCCAGCACCGGCCGGATGGAGCGTCCGCAACCCGACAGCATGCCCCAGGATTTGTCAGAGGCCCTGAAGGAGGCCACCAAGGAGGTGCACACCCAGGCAGAGAATGCTGAGTTCATGAGGAACTTTCAGAAGGGCCAGGTGACCCGAGACGGCTTCAAGCTGGTGATGGCCTCCCTGTACCACATCTATGTGGCCCTGGAGGAGGAGATTGAGCGCAACAAGGAGAGCCCAGTCTTCGCCCCTGTCTACTTCCCAGAAGAGCTGCACCGCAAGGCTGCCCTGGAGCAGGACCTGGCCTTCTGGTACGGGCCCCGCTGGCAGGAGGTCATCCCCTACTTGTTACTGCCTGCCTCCCCTCGAGCGTCCTCAGCGCAGCCGCCGCCCGCGGAGCCAGC
9.200+80.txt,172,0.86,209,8.836257309941521,0.86,1.5718204975128174,AACGGCTCCGAAGGCCGGCTTCGCGGGCGACGATGCCCCCCGGGCCGTCTTCCCCTCCATCGTGGGGCGCCCCAGGCACCAGGGCGTGATGGTGGGCATGGGTCAGAAGGATTCCTATGTGGGCGACAACGGCTCCGGCATGTGCGGAATTAAGCGCAATCCCACACCCGCCGCCAGCTCACCATGGATGATGATATCGCCGCGCTCGT
pos_wrong_endings
10.500+50.txt,390,0.78,509,8.717223650385604,0.7746000000000001,3.082571792602539,AAAAGGATCGCACCTGCTGGCCAACTCCAAAGTGGAGCCAATCCCGCCTTCGACAAGCCCAAAGTAGAACTGCATGTCCACCTAGACGGATGAAGGCCAAAGAGGGCGTGGTGTATGTGGAGGTACAGTCCCAGCTAACACAGCAGAGGGGCTGCTGAACGTCATTGGCATGGACAAGCCGCTCACCCTTCCAGACTTCCTGGCCAAGTTTGACTACTACATGCCTGCTATCGAGCCGGCAGAGACCCACCGAGCCGGCCACCGAGCGGCGGCGGAGGGAGCAGCGCCGGGGCGCACGCCCGCCTTCCAGACAGAGGGGCCTGCAGGAGGAGAGGTGCGGTACAGTTTGTAGAGATGAAGGCTGAAGGGGAAAGCCGAGCGGCCACCGCTGGCCCCAGGGAAAGCCCGCCTTATACTATGGCAGGAGGAGAGGGATCGCCCTCCCAGCTATCGCGGGCTGCCGGGAGGCTAGTGGGCCAGGGCTATCAAAAGGATCGCCTATGAGTTTG
18.200+20.txt,136,0.68,209,8.525925925925925,0.6745,1.2017585039138794,CCGGGGGTCCTGGCATGGGCGCCGCGGGCCTGCTCGGGGTTTTCTTGTGGCTCTCCTCCGCCTATCCTAAATGGCCGGATTAGTTATTATTCTACCCCCATTGCTGTTGGTACCGGGGGTCCTCGGGATTTCTTGGGGTTTTCTTGTGATTTCTTGTGGCTATTCTTGTGGCTTCGGCCGCGGGGGCTTCGGCTCGCGGGTCGCACCGG
20.300+30.txt,247,0.8233333333333334,309,8.784552845528456,0.8186666666666668,2.2203866481781005,AAGACCAACATGCTCATCGCCTGGTTCCAGCAGATCCGCGCCGCCGGCCTGCCGGTCAAGGGCATCATCCTCAAGGAGAAGGCGCTGCGCATAGCCGTCCACGCTGAGCACGATCCTGAAGAACAAGCGCGGCGCTTCAACATCCCGCCGTTCCGGGAGAAGTCACGGATCATCCAGGAGGTGGAGGGCGAGATGCGCATAGATCGCGCGGCGCAAGGGCGAGATCGCGCCATCCTGGCGTCGGAGCGCAAGTACGGGGTGGCCTCCACCTGCCGCAAGACCAACAAGCTGACGTTCCGGGACCTGCGC
25.500+50.txt,381,0.762,509,8.686842105263159,0.7554000000000001,3.3528769493103026,AAATCCCAGAGCTTAAAACAGCTGGAAGAGAGGGCTGCCCGGAACGTCTCTCAAGTCCACGCAGAGTCTAAAACAGCCACCACGGTGACCAGATGGCGCAGAAATCCCAGAGCTGTGATTGTGCTGCTGGGGCTGGTGACCGCCGCTCTGTGGGCTGGGCTGCTGACTCTGCTTCTCCTGTGGCACTGGGACACCACACAGAGTCTAAGCAGGACGGTCCCTGCCAATCGCTCTGGTCGACCCCAACACACTAGGAGGACAGACACAGGCTCCAAACTCCACTAACCAGAGATCGAGGAGCTTCCCACGCAGATTTCACAGCAGGACCGCCATGGATTGTGCCCTCTGTCTCTGAAAGTGTCTCTCTTCCCAGGAGGCGGTGTTGCAGGCGTGGGACTCAGATCGTGCTGCTGGTCGACTGCGTTCCATCATCGGGAGAATCCAAGCAGGACCTCTGTCAGGGAGTGAGTGCTCCATCATCCCAGTCCACGCAGATTGTGCCCGCTGAG
35.200+20.txt,152,0.76,207,8.695364238410596,0.751,1.4566091537475585,AAAAAGTGATATGTCCGGAGCCCTTGATGTCCTGCAAATGAAGGAGGAGGATGTCCTTAAGTTCCTTGCAGCAGGAACCCACTTAGGTGGCACCAATCTATATCATCTATATCTTGACTTCCTTCCAGATGGAACAGTACATCTCTGGATTCCCGTCGTAACTTAAAGGGAAACTTTCACCAATCTTGACTTCCAGATTTAGGTGGC
53.500+50.txt,413,0.826,507,8.79368932038835,0.8103999999999999,3.0384795665740967,AACATCCAAACGCGCAGCAGGAGCGCCCCTGGCCACTGAACTGCGCTGCCAGTGCTTGCAGACCCTGCAGCAATCCCCGGCTCCTGCGGGTGGCGCTGCTGCTCCTGGTGGCCGCCAGCCGCTCGAACCGCCTGCTGAGCCCGGACCCCACCTGGATTGCGCCTAATGTGTTTGAGCATCACTTAGGAGAAGGAAGGAGGAAGCTTGTCTCAACCCCGGACCCCACTGCGCCCAAACCGAAGTCATAGCCACCTGGAATTCACCTCAAGAACATCCAAAGTGTGAAGGTGAAGTCCCTGCAGGGAATTCACACTCAAGAATGGGCAGAAAGCTTTAAGAAAATCATCGAAAAGATGCTGAAAAATGGCAAATCCAACTGACCAGAAGGAAGCTTATTGGTGGCTGTTCCTGAAGGAGGCCCTGCCCTTACAGGAACAGAAGAGGAAAGAGAGACACAGAGGCCACCTGGCCCGCGCCCATGGTTAAGAAAAGCTTGTCCCCCGGACG
55.300+30.txt,236,0.7866666666666666,308,8.731914893617022,0.783,1.9145100355148315,AAAATTGAGTGGGAAACCCCAGCAATGAAGAGCTGAATGCCAAGAAAATTGAGTTTGAACAATTTCTGCCTATGATGCAAGCCATTTCCAACAACAAGGACCAGGCCACCTATGATGTCCTTCGAGCCCTGGGCACGGCATTTCTCCTCTTTGACAGAACAGGTGATTCCAAGGAGGCATTTCTTAGCCTTCCCTGCTGTGTTGCTGCCCAGCCGCTCCATACTCTTAGCCTAACTACTCTTAGAGGTCAGGAAAGTTCAAGGAGGCCACCTTAAGCCAGGTCGGTGATGTCCTTCAGTGATGCAAGT
55.400+40.txt,309,0.7725,409,8.704545454545455,0.7585000000000001,2.5432729959487914,AAGCCAGGTCAAGCCAGGTCGGTGATGTCAGGAAAGTTCTGGGAAACCCCAGCAATGAAGATCACCTATGAAGACTTTGTTGAGGGTCTGCGTGTCTTGCTGAATTCAAGGAGGCATTTCTCCTCTTTGACAGAACAGGTGATTCCAAGATCACCAATGCAGAGGTCAGGAAAATTGAGTTTGTGTTGCTGCCCAGCCGCTCCATCATGTCCTTCAGTGCTGACCAGATTGCTGAATGCCAAGAAAATTGAACAATTTCTGCCTATGATGCAAGCCATCCCACCAATGCTGTGTTGCTGTGTTCTAGCCACCCTGGGTGAAAAGATGTCCTTCGAGCCCTGGGCACAAATCCCACCAGGCCACCTATGAAGAGCTGGCACAGTCATGGGTGCTGAACTCCGCCATGTTC
58.300+30.txt,240,0.8,307,8.757322175732218,0.781,1.9504591226577759,AAATGGCCAATGTCTCCCCCTGGATGGACATGTGGACGGCGCTGCGCTTTGTAGCCGTGGGTGACTGGGGAGGGACAATTTTTACTTCACTGGTGTGCAAGACATCAATGACAAGAGGTTCCAGGAGACCTTTGAGGGGTCCCCAATGCGCTGCTCATCCTGCACGGCCCGGGAAATGGCCAATGCCAAGGAGATCGCTCGGACTGTGCAAGCCTTGTTGCTTCATCCTGTCTCTAGGGGACAATTCCACACGGCCCGGTGACTGGCCTCCGGTGACTGTGCAGATCCTGGGTGCAGACTTCATCCT
62.400+40.txt,312,0.78,409,8.717041800643086,0.7765000000000001,2.5391242504119873,AGAGGAAGTCGCCTTCGGAGCGCACAAAGCAGGATGGACGTGATGGATGGCTGCCAGTTCTCACCTTCTGAGTACTTCTACGACGGCTCCTGCATACCGTCCCCCGAGGGTGAATTTGGGGACGAGTTTGTGCCGCGAGTGGCTGCCTTCGAAACCCTCAAGAGAGGTGTACCACGACCAACCCCAACCAGAGGCTGCCCAAGGTGGTCACTGCCTCATGTGGGCCTGCAAACCAGGCTTTCGAAACCGGCCACCACCAGGCTGGTCACTGCCGTCCAGGTGCACCGCCTGCCTCTCAGCAGGATGCGCGAGCGGAGGCGCCTCTCGCTGCCGTCCACCACCATGGATCGCCTGAAGAAGGTCAACCAGGCTGCCAGCCACTATGCGCGAGGCGCCTGAAGAGGAAGTC
68.400+40.txt,290,0.725,409,8.619377162629759,0.688,3.400935912132263,AACAAGGAGAAGCCCAGTCTTCGCCCCTGTCTACTTCTGGTACGGGCCCCGCTGGGCCAGGTGACCCGAGACGGCTTCAAGCTGGTGATGGCCTCCCTGTACCACATCTATGTGGCCCTGGAGATTGAGCGCAACAATCTATGTGACCCGACAGGACCTGGCCTTCTGGTAGGGCCAGGTCATCCCCTATGCTGAGTTCATGAGGAACTTTCAGAAGGGCCCTGAAGGAGGCCACCAAGGAGGTGCACACCCAGGCAGAGAATGCCCCAGGATACACACCAGCACCGGCCGGATGGAGCGTCCGCAACCCGACAGCATGCCCCAGGATTTGTCAGAGGTCATCTACTTCCCAGAAATGCTGAGTCTACTTCCCAGAAGAGCTGCACCGCAAGTCCTCAGCGCAGCCGCC
9.200+20.txt,182,0.91,209,8.900552486187845,0.8724999999999999,3.9370004892349244,AGCTCACCATGCCCCCCGGGCCGTCTTCCCCTCCATCGTGGGGCGCCCCAGGCACCAGGGCGTGATGGTGGGCATGGGTCAGAAGGATGATGATATCGCCGCGCTCGTCGTCGACAACGGCTCCGGCATGTGCAAGGCCGGCTTCGCGGGCGACGATCCGCCGCCCGTCCACACCCGCCGCCAGCTCACCATGGATGATGATATCGCCC
